,time,fit_score,sample_size,curves,algorithm_name
0,0.09535336494445801,8.0,5,"[[   8.  402.]
 [   8.  603.]
 [   8.  804.]
 [   8. 1005.]
 [   8. 1206.]
 [   8. 1407.]
 [   8. 1608.]
 [   8. 1809.]
 [   8. 2010.]
 [   8. 2211.]
 [   8. 2412.]]",Genetic
1,0.0,5.0,5,"[[   3. 2413.]
 [   3. 2414.]
 [   5. 2416.]
 [   5. 2417.]
 [   5. 2418.]
 [   5. 2419.]
 [   5. 2420.]
 [   5. 2421.]
 [   5. 2422.]
 [   5. 2423.]
 [   5. 2424.]
 [   5. 2425.]
 [   5. 2426.]]",Random Hill Climb
2,0.08475708961486816,8.0,5,"[[   8.  402.]
 [   8.  603.]
 [   8.  804.]
 [   8. 1005.]
 [   8. 1206.]
 [   8. 1407.]
 [   8. 1608.]
 [   8. 1809.]
 [   8. 2010.]
 [   8. 2211.]
 [   8. 2412.]]",MIMIC
3,0.0,5.0,5,"[[ 3.  1.]
 [ 5.  3.]
 [ 5.  4.]
 [ 5.  5.]
 [ 5.  6.]
 [ 2.  8.]
 [ 2. 10.]
 [ 2. 12.]
 [ 2. 13.]
 [ 2. 15.]
 [ 1. 17.]
 [ 1. 19.]
 [ 1. 21.]
 [ 5. 23.]
 [ 5. 24.]
 [ 5. 25.]
 [ 5. 26.]
 [ 5. 27.]
 [ 5. 28.]
 [ 5. 29.]
 [ 5. 30.]
 [ 5. 31.]
 [ 5. 32.]
 [ 5. 33.]]",Simulated Annealing
4,0.07175111770629883,18.0,10,"[[  18.  402.]
 [  18.  603.]
 [  18.  804.]
 [  18. 1005.]
 [  18. 1206.]
 [  18. 1407.]
 [  18. 1608.]
 [  18. 1809.]
 [  18. 2010.]
 [  18. 2211.]
 [  18. 2412.]]",Genetic
5,0.0,0.0,10,"[[   0. 2413.]
 [   0. 2414.]
 [   0. 2415.]
 [   0. 2416.]
 [   0. 2417.]
 [   0. 2418.]
 [   0. 2419.]
 [   0. 2420.]
 [   0. 2421.]
 [   0. 2422.]]",Random Hill Climb
6,0.2578582763671875,18.0,10,"[[  18.  402.]
 [  18.  603.]
 [  18.  804.]
 [  18. 1005.]
 [  18. 1206.]
 [  18. 1407.]
 [  18. 1608.]
 [  18. 1809.]
 [  18. 2010.]
 [  18. 2211.]
 [  18. 2412.]]",MIMIC
7,0.0010285377502441406,18.0,10,"[[ 0.  2.]
 [ 0.  4.]
 [ 0.  6.]
 [ 0.  8.]
 [ 0. 10.]
 [ 0. 12.]
 [ 0. 14.]
 [ 2. 16.]
 [ 2. 18.]
 [ 1. 20.]
 [ 0. 22.]
 [ 0. 24.]
 [ 0. 26.]
 [ 0. 28.]
 [ 0. 30.]
 [ 0. 32.]
 [ 0. 34.]
 [ 0. 36.]
 [ 2. 38.]
 [ 2. 40.]
 [ 2. 42.]
 [ 3. 44.]
 [ 3. 46.]
 [ 3. 48.]
 [ 3. 50.]
 [ 3. 52.]
 [ 3. 54.]
 [ 3. 56.]
 [ 3. 58.]
 [ 3. 60.]
 [ 3. 61.]
 [ 3. 62.]
 [ 3. 64.]
 [ 3. 66.]
 [ 3. 67.]
 [ 3. 68.]
 [13. 70.]
 [13. 71.]
 [13. 72.]
 [12. 74.]
 [18. 76.]
 [18. 77.]
 [18. 78.]
 [18. 79.]
 [18. 80.]
 [18. 81.]
 [18. 82.]
 [18. 83.]
 [18. 84.]
 [18. 85.]
 [18. 86.]]",Simulated Annealing
8,0.09166097640991211,27.0,15,"[[  25.  402.]
 [  25.  603.]
 [  27.  805.]
 [  27. 1006.]
 [  27. 1207.]
 [  27. 1408.]
 [  27. 1609.]
 [  27. 1810.]
 [  27. 2011.]
 [  27. 2212.]
 [  27. 2413.]
 [  27. 2614.]
 [  27. 2815.]]",Genetic
9,0.0,0.0,15,"[[   0. 2816.]
 [   0. 2817.]
 [   0. 2818.]
 [   0. 2819.]
 [   0. 2820.]
 [   0. 2821.]
 [   0. 2822.]
 [   0. 2823.]
 [   0. 2824.]
 [   0. 2825.]]",Random Hill Climb
10,1.1098597049713135,27.0,15,"[[  24.  402.]
 [  24.  603.]
 [  25.  805.]
 [  25. 1006.]
 [  27. 1208.]
 [  27. 1409.]
 [  27. 1610.]
 [  27. 1811.]
 [  27. 2012.]
 [  27. 2213.]
 [  27. 2414.]
 [  27. 2615.]
 [  27. 2816.]
 [  27. 3017.]
 [  27. 3218.]]",MIMIC
11,0.0009958744049072266,26.0,15,"[[  0.   2.]
 [  0.   4.]
 [  0.   6.]
 [  0.   8.]
 [  0.  10.]
 [  0.  12.]
 [  0.  14.]
 [  0.  16.]
 [  0.  18.]
 [  0.  20.]
 [  0.  22.]
 [  0.  24.]
 [  0.  26.]
 [  0.  28.]
 [  0.  30.]
 [  0.  32.]
 [  0.  34.]
 [  0.  36.]
 [  0.  38.]
 [  0.  40.]
 [  0.  42.]
 [  1.  44.]
 [  1.  46.]
 [  1.  48.]
 [  1.  50.]
 [  1.  52.]
 [  1.  54.]
 [  1.  56.]
 [  1.  58.]
 [  1.  59.]
 [  1.  61.]
 [  2.  63.]
 [  2.  65.]
 [  2.  66.]
 [  2.  68.]
 [  2.  69.]
 [  3.  71.]
 [  3.  73.]
 [  3.  75.]
 [  4.  77.]
 [  4.  78.]
 [  4.  80.]
 [  4.  81.]
 [  4.  83.]
 [  4.  85.]
 [  4.  87.]
 [  4.  89.]
 [  4.  91.]
 [  5.  93.]
 [  5.  95.]
 [  7.  97.]
 [  7.  98.]
 [  7.  99.]
 [  7. 101.]
 [  7. 103.]
 [ 11. 105.]
 [ 11. 106.]
 [ 11. 107.]
 [ 26. 109.]
 [ 26. 110.]
 [ 26. 111.]
 [ 26. 112.]
 [ 26. 113.]
 [ 26. 114.]
 [ 26. 115.]
 [ 26. 116.]
 [ 26. 117.]
 [ 26. 118.]
 [ 26. 119.]]",Simulated Annealing
12,0.17055153846740723,37.0,20,"[[  28.  402.]
 [  28.  603.]
 [  33.  805.]
 [  33. 1006.]
 [  33. 1207.]
 [  34. 1409.]
 [  34. 1610.]
 [  34. 1811.]
 [  34. 2012.]
 [  34. 2213.]
 [  34. 2414.]
 [  36. 2616.]
 [  36. 2817.]
 [  37. 3019.]
 [  37. 3220.]
 [  37. 3421.]
 [  37. 3622.]
 [  37. 3823.]
 [  37. 4024.]
 [  37. 4225.]
 [  37. 4426.]
 [  37. 4627.]
 [  37. 4828.]
 [  37. 5029.]]",Genetic
13,0.0009963512420654297,2.0,20,"[[1.000e+00 5.030e+03]
 [1.000e+00 5.031e+03]
 [1.000e+00 5.032e+03]
 [1.000e+00 5.033e+03]
 [2.000e+00 5.035e+03]
 [2.000e+00 5.036e+03]
 [2.000e+00 5.037e+03]
 [2.000e+00 5.038e+03]
 [2.000e+00 5.039e+03]
 [2.000e+00 5.040e+03]
 [2.000e+00 5.041e+03]
 [2.000e+00 5.042e+03]
 [2.000e+00 5.043e+03]
 [2.000e+00 5.044e+03]
 [2.000e+00 5.045e+03]]",Random Hill Climb
14,2.021348476409912,36.0,20,"[[  28.  402.]
 [  32.  604.]
 [  32.  805.]
 [  33. 1007.]
 [  33. 1208.]
 [  35. 1410.]
 [  36. 1612.]
 [  36. 1813.]
 [  36. 2014.]
 [  36. 2215.]
 [  36. 2416.]
 [  36. 2617.]
 [  36. 2818.]
 [  36. 3019.]
 [  36. 3220.]
 [  36. 3421.]
 [  36. 3622.]]",MIMIC
15,0.001985311508178711,37.0,20,"[[  1.   2.]
 [  1.   4.]
 [  1.   6.]
 [  1.   8.]
 [  1.  10.]
 [  1.  12.]
 [  1.  14.]
 [  1.  16.]
 [  1.  18.]
 [  1.  20.]
 [  1.  22.]
 [  1.  24.]
 [  1.  26.]
 [  3.  28.]
 [  3.  30.]
 [  3.  32.]
 [  3.  34.]
 [  3.  36.]
 [  3.  38.]
 [  3.  39.]
 [  3.  41.]
 [  3.  43.]
 [  3.  44.]
 [  4.  46.]
 [  4.  48.]
 [  4.  50.]
 [  4.  52.]
 [  4.  54.]
 [  4.  56.]
 [  4.  58.]
 [  4.  60.]
 [  4.  61.]
 [  4.  63.]
 [  4.  65.]
 [  4.  66.]
 [  4.  68.]
 [  4.  70.]
 [  4.  72.]
 [  4.  73.]
 [  5.  75.]
 [  5.  76.]
 [  5.  77.]
 [  5.  78.]
 [  5.  79.]
 [  5.  81.]
 [  5.  83.]
 [  5.  85.]
 [  5.  87.]
 [  5.  89.]
 [  5.  90.]
 [  5.  92.]
 [  5.  94.]
 [  5.  96.]
 [  5.  98.]
 [  5.  99.]
 [  6. 101.]
 [  6. 103.]
 [  6. 105.]
 [  8. 107.]
 [  8. 108.]
 [  8. 110.]
 [  8. 111.]
 [  8. 112.]
 [  8. 113.]
 [  8. 115.]
 [  8. 117.]
 [  9. 119.]
 [  9. 121.]
 [  9. 123.]
 [  9. 125.]
 [  9. 126.]
 [  9. 127.]
 [  9. 129.]
 [  9. 130.]
 [  9. 131.]
 [  9. 132.]
 [  9. 133.]
 [  9. 134.]
 [  9. 135.]
 [  9. 137.]
 [  9. 138.]
 [  9. 139.]
 [  9. 141.]
 [  9. 142.]
 [  9. 143.]
 [  9. 144.]
 [  9. 145.]
 [  9. 146.]
 [  9. 148.]
 [  9. 150.]
 [  9. 151.]
 [  9. 153.]
 [  9. 155.]
 [  9. 157.]
 [ 10. 159.]
 [ 10. 160.]
 [ 10. 162.]
 [ 10. 164.]
 [ 10. 165.]
 [ 10. 167.]
 [ 10. 168.]
 [ 10. 170.]
 [ 10. 171.]
 [ 10. 172.]
 [ 13. 174.]
 [ 13. 176.]
 [ 13. 177.]
 [ 13. 178.]
 [ 13. 179.]
 [ 33. 181.]
 [ 37. 183.]
 [ 37. 184.]
 [ 37. 185.]
 [ 37. 186.]
 [ 37. 187.]
 [ 37. 188.]
 [ 37. 189.]
 [ 37. 190.]
 [ 37. 191.]
 [ 37. 192.]
 [ 37. 193.]]",Simulated Annealing
16,0.14357709884643555,46.0,25,"[[  33.  402.]
 [  33.  603.]
 [  34.  805.]
 [  39. 1007.]
 [  39. 1208.]
 [  39. 1409.]
 [  43. 1611.]
 [  43. 1812.]
 [  43. 2013.]
 [  43. 2214.]
 [  44. 2416.]
 [  46. 2618.]
 [  46. 2819.]
 [  46. 3020.]
 [  46. 3221.]
 [  46. 3422.]
 [  46. 3623.]
 [  46. 3824.]
 [  46. 4025.]
 [  46. 4226.]
 [  46. 4427.]
 [  46. 4628.]]",Genetic
17,0.0,2.0,25,"[[0.000e+00 4.629e+03]
 [0.000e+00 4.630e+03]
 [0.000e+00 4.631e+03]
 [2.000e+00 4.633e+03]
 [2.000e+00 4.634e+03]
 [2.000e+00 4.635e+03]
 [2.000e+00 4.636e+03]
 [2.000e+00 4.637e+03]
 [2.000e+00 4.638e+03]
 [2.000e+00 4.639e+03]
 [2.000e+00 4.640e+03]
 [2.000e+00 4.641e+03]
 [2.000e+00 4.642e+03]
 [2.000e+00 4.643e+03]]",Random Hill Climb
18,2.782258987426758,46.0,25,"[[  30.  402.]
 [  34.  604.]
 [  36.  806.]
 [  36. 1007.]
 [  37. 1209.]
 [  39. 1411.]
 [  44. 1613.]
 [  44. 1814.]
 [  44. 2015.]
 [  45. 2217.]
 [  46. 2419.]
 [  46. 2620.]
 [  46. 2821.]
 [  46. 3022.]
 [  46. 3223.]
 [  46. 3424.]
 [  46. 3625.]
 [  46. 3826.]
 [  46. 4027.]
 [  46. 4228.]
 [  46. 4429.]]",MIMIC
19,0.0039861202239990234,41.0,25,"[[  0.   2.]
 [  0.   4.]
 [  0.   6.]
 [  1.   8.]
 [  1.  10.]
 [  1.  12.]
 [  1.  14.]
 [  1.  16.]
 [  1.  18.]
 [  0.  20.]
 [  0.  22.]
 [  0.  24.]
 [  0.  26.]
 [  0.  28.]
 [  0.  30.]
 [  0.  32.]
 [  0.  34.]
 [  0.  36.]
 [  0.  38.]
 [  0.  40.]
 [  0.  42.]
 [  0.  44.]
 [  0.  46.]
 [  0.  48.]
 [  0.  50.]
 [  0.  52.]
 [  0.  54.]
 [  0.  56.]
 [  1.  58.]
 [  1.  60.]
 [  1.  62.]
 [  1.  64.]
 [  1.  65.]
 [  1.  67.]
 [  1.  69.]
 [  1.  70.]
 [  2.  72.]
 [  2.  74.]
 [  2.  76.]
 [  2.  78.]
 [  4.  80.]
 [  4.  81.]
 [  6.  83.]
 [  6.  85.]
 [  6.  87.]
 [  6.  89.]
 [  6.  90.]
 [  6.  92.]
 [  6.  94.]
 [  6.  96.]
 [  6.  97.]
 [  6.  98.]
 [  6.  99.]
 [  6. 101.]
 [  7. 103.]
 [  7. 105.]
 [  7. 107.]
 [  7. 109.]
 [  7. 110.]
 [  7. 111.]
 [  7. 113.]
 [  7. 115.]
 [  7. 116.]
 [  7. 117.]
 [ 32. 119.]
 [ 32. 120.]
 [ 32. 121.]
 [ 32. 123.]
 [ 32. 125.]
 [ 32. 126.]
 [ 32. 127.]
 [ 32. 128.]
 [ 32. 129.]
 [ 32. 131.]
 [ 32. 132.]
 [ 32. 134.]
 [ 32. 135.]
 [ 32. 137.]
 [ 32. 138.]
 [ 32. 139.]
 [ 32. 141.]
 [ 32. 143.]
 [ 32. 144.]
 [ 32. 146.]
 [ 32. 147.]
 [ 32. 149.]
 [ 32. 150.]
 [ 32. 151.]
 [ 32. 152.]
 [ 32. 153.]
 [ 32. 154.]
 [ 32. 155.]
 [ 32. 156.]
 [ 32. 158.]
 [ 32. 159.]
 [ 32. 161.]
 [ 32. 163.]
 [ 32. 164.]
 [ 32. 165.]
 [ 32. 166.]
 [ 32. 167.]
 [ 32. 169.]
 [ 32. 171.]
 [ 33. 173.]
 [ 33. 174.]
 [ 33. 175.]
 [ 33. 176.]
 [ 33. 177.]
 [ 33. 179.]
 [ 33. 181.]
 [ 33. 182.]
 [ 33. 184.]
 [ 33. 186.]
 [ 33. 187.]
 [ 33. 188.]
 [ 33. 189.]
 [ 33. 191.]
 [ 33. 192.]
 [ 33. 193.]
 [ 33. 195.]
 [ 33. 196.]
 [ 33. 198.]
 [ 33. 200.]
 [ 33. 201.]
 [ 33. 203.]
 [ 33. 205.]
 [ 33. 206.]
 [ 35. 208.]
 [ 35. 209.]
 [ 35. 210.]
 [ 35. 212.]
 [ 35. 213.]
 [ 35. 215.]
 [ 35. 217.]
 [ 35. 219.]
 [ 35. 220.]
 [ 35. 221.]
 [ 35. 223.]
 [ 35. 224.]
 [ 35. 225.]
 [ 35. 226.]
 [ 35. 228.]
 [ 35. 229.]
 [ 35. 231.]
 [ 35. 233.]
 [ 35. 234.]
 [ 35. 235.]
 [ 35. 237.]
 [ 35. 238.]
 [ 35. 240.]
 [ 36. 242.]
 [ 36. 243.]
 [ 36. 244.]
 [ 36. 245.]
 [ 36. 246.]
 [ 36. 248.]
 [ 36. 249.]
 [ 36. 250.]
 [ 36. 252.]
 [ 36. 253.]
 [ 36. 255.]
 [ 36. 256.]
 [ 36. 258.]
 [ 36. 259.]
 [ 36. 260.]
 [ 36. 262.]
 [ 36. 264.]
 [ 36. 266.]
 [ 36. 267.]
 [ 36. 268.]
 [ 36. 269.]
 [ 36. 270.]
 [ 36. 271.]
 [ 36. 272.]
 [ 36. 273.]
 [ 36. 275.]
 [ 36. 276.]
 [ 36. 278.]
 [ 36. 279.]
 [ 36. 281.]
 [ 36. 282.]
 [ 36. 283.]
 [ 36. 284.]
 [ 36. 285.]
 [ 36. 286.]
 [ 36. 287.]
 [ 36. 288.]
 [ 36. 289.]
 [ 36. 290.]
 [ 36. 292.]
 [ 36. 293.]
 [ 36. 294.]
 [ 36. 295.]
 [ 36. 297.]
 [ 36. 298.]
 [ 36. 300.]
 [ 36. 302.]
 [ 36. 303.]
 [ 36. 304.]
 [ 36. 305.]
 [ 37. 307.]
 [ 37. 309.]
 [ 37. 310.]
 [ 37. 312.]
 [ 37. 313.]
 [ 37. 314.]
 [ 37. 316.]
 [ 37. 318.]
 [ 37. 319.]
 [ 37. 321.]
 [ 37. 322.]
 [ 41. 324.]
 [ 41. 325.]
 [ 41. 326.]
 [ 41. 327.]
 [ 41. 328.]
 [ 41. 329.]
 [ 41. 330.]
 [ 41. 331.]
 [ 41. 332.]
 [ 41. 333.]
 [ 41. 334.]]",Simulated Annealing
20,0.2353193759918213,56.0,30,"[[  36.  402.]
 [  38.  604.]
 [  42.  806.]
 [  42. 1007.]
 [  42. 1208.]
 [  43. 1410.]
 [  43. 1611.]
 [  44. 1813.]
 [  46. 2015.]
 [  46. 2216.]
 [  46. 2417.]
 [  46. 2618.]
 [  46. 2819.]
 [  46. 3020.]
 [  55. 3222.]
 [  55. 3423.]
 [  55. 3624.]
 [  55. 3825.]
 [  55. 4026.]
 [  55. 4227.]
 [  56. 4429.]
 [  56. 4630.]
 [  56. 4831.]
 [  56. 5032.]
 [  56. 5233.]
 [  56. 5434.]
 [  56. 5635.]
 [  56. 5836.]
 [  56. 6037.]
 [  56. 6238.]
 [  56. 6439.]]",Genetic
21,0.0009980201721191406,2.0,30,"[[0.000e+00 6.440e+03]
 [2.000e+00 6.442e+03]
 [2.000e+00 6.443e+03]
 [2.000e+00 6.444e+03]
 [2.000e+00 6.445e+03]
 [2.000e+00 6.446e+03]
 [2.000e+00 6.447e+03]
 [2.000e+00 6.448e+03]
 [2.000e+00 6.449e+03]
 [2.000e+00 6.450e+03]
 [2.000e+00 6.451e+03]
 [2.000e+00 6.452e+03]]",Random Hill Climb
22,4.442105054855347,52.0,30,"[[  36.  402.]
 [  40.  604.]
 [  41.  806.]
 [  44. 1008.]
 [  44. 1209.]
 [  46. 1411.]
 [  48. 1613.]
 [  49. 1815.]
 [  49. 2016.]
 [  49. 2217.]
 [  50. 2419.]
 [  51. 2621.]
 [  52. 2823.]
 [  52. 3024.]
 [  52. 3225.]
 [  52. 3426.]
 [  52. 3627.]
 [  52. 3828.]
 [  52. 4029.]
 [  52. 4230.]
 [  52. 4431.]
 [  52. 4632.]
 [  52. 4833.]]",MIMIC
23,0.0030846595764160156,44.0,30,"[[  0.   2.]
 [  0.   4.]
 [  0.   6.]
 [  0.   8.]
 [  0.  10.]
 [  0.  12.]
 [  1.  14.]
 [  1.  15.]
 [  1.  17.]
 [  1.  19.]
 [  1.  21.]
 [  1.  23.]
 [  1.  25.]
 [  1.  27.]
 [  1.  29.]
 [  1.  31.]
 [  1.  33.]
 [  1.  35.]
 [  2.  37.]
 [  2.  39.]
 [  2.  41.]
 [  2.  43.]
 [  2.  45.]
 [  2.  47.]
 [  2.  49.]
 [  2.  51.]
 [  2.  53.]
 [  2.  55.]
 [  2.  57.]
 [  2.  59.]
 [  2.  61.]
 [  2.  63.]
 [  2.  65.]
 [  2.  67.]
 [  4.  69.]
 [  4.  70.]
 [  4.  72.]
 [  4.  74.]
 [  4.  76.]
 [ 34.  78.]
 [ 34.  80.]
 [ 34.  82.]
 [ 34.  84.]
 [ 34.  85.]
 [ 34.  87.]
 [ 34.  89.]
 [ 34.  91.]
 [ 34.  92.]
 [ 34.  94.]
 [ 34.  96.]
 [ 34.  98.]
 [ 34.  99.]
 [ 34. 100.]
 [ 34. 102.]
 [ 37. 104.]
 [ 37. 106.]
 [ 37. 108.]
 [ 37. 110.]
 [ 37. 112.]
 [ 37. 114.]
 [ 37. 115.]
 [ 37. 116.]
 [ 37. 117.]
 [ 37. 118.]
 [ 37. 120.]
 [ 37. 122.]
 [ 37. 123.]
 [ 37. 124.]
 [ 37. 126.]
 [ 37. 128.]
 [ 37. 129.]
 [ 37. 131.]
 [ 37. 133.]
 [ 37. 135.]
 [ 37. 136.]
 [ 37. 137.]
 [ 37. 138.]
 [ 37. 140.]
 [ 37. 141.]
 [ 37. 142.]
 [ 37. 143.]
 [ 37. 145.]
 [ 37. 147.]
 [ 37. 149.]
 [ 37. 151.]
 [ 37. 153.]
 [ 37. 154.]
 [ 37. 155.]
 [ 37. 157.]
 [ 37. 158.]
 [ 37. 159.]
 [ 37. 161.]
 [ 37. 162.]
 [ 37. 163.]
 [ 37. 165.]
 [ 37. 166.]
 [ 37. 167.]
 [ 37. 169.]
 [ 37. 170.]
 [ 37. 172.]
 [ 37. 174.]
 [ 37. 176.]
 [ 37. 178.]
 [ 37. 179.]
 [ 37. 180.]
 [ 37. 181.]
 [ 37. 183.]
 [ 37. 185.]
 [ 37. 186.]
 [ 37. 187.]
 [ 37. 188.]
 [ 37. 189.]
 [ 37. 191.]
 [ 37. 193.]
 [ 37. 195.]
 [ 37. 196.]
 [ 37. 198.]
 [ 37. 199.]
 [ 37. 200.]
 [ 37. 202.]
 [ 37. 203.]
 [ 37. 205.]
 [ 37. 207.]
 [ 37. 209.]
 [ 37. 211.]
 [ 37. 213.]
 [ 38. 215.]
 [ 38. 216.]
 [ 38. 218.]
 [ 38. 220.]
 [ 38. 221.]
 [ 38. 223.]
 [ 38. 225.]
 [ 38. 226.]
 [ 43. 228.]
 [ 43. 229.]
 [ 43. 230.]
 [ 43. 232.]
 [ 43. 233.]
 [ 43. 235.]
 [ 43. 237.]
 [ 43. 239.]
 [ 43. 241.]
 [ 43. 242.]
 [ 43. 244.]
 [ 43. 245.]
 [ 43. 247.]
 [ 43. 248.]
 [ 43. 249.]
 [ 43. 250.]
 [ 43. 251.]
 [ 43. 253.]
 [ 43. 254.]
 [ 43. 255.]
 [ 43. 256.]
 [ 43. 257.]
 [ 43. 258.]
 [ 43. 260.]
 [ 43. 261.]
 [ 43. 262.]
 [ 43. 264.]
 [ 43. 265.]
 [ 43. 267.]
 [ 43. 269.]
 [ 43. 270.]
 [ 43. 272.]
 [ 43. 274.]
 [ 43. 275.]
 [ 43. 277.]
 [ 43. 278.]
 [ 43. 280.]
 [ 43. 281.]
 [ 43. 283.]
 [ 43. 285.]
 [ 43. 286.]
 [ 43. 288.]
 [ 43. 290.]
 [ 44. 292.]
 [ 44. 294.]
 [ 44. 296.]
 [ 44. 297.]
 [ 44. 299.]
 [ 44. 301.]
 [ 44. 302.]
 [ 44. 304.]
 [ 44. 306.]
 [ 44. 307.]
 [ 44. 308.]
 [ 44. 309.]
 [ 44. 310.]
 [ 44. 311.]
 [ 44. 312.]
 [ 44. 314.]
 [ 44. 315.]
 [ 44. 317.]
 [ 44. 319.]
 [ 44. 320.]
 [ 44. 322.]
 [ 44. 323.]
 [ 44. 325.]
 [ 44. 327.]
 [ 44. 328.]
 [ 44. 329.]
 [ 44. 330.]
 [ 44. 331.]
 [ 44. 333.]
 [ 44. 335.]
 [ 44. 336.]
 [ 44. 337.]
 [ 44. 339.]
 [ 44. 341.]
 [ 44. 342.]
 [ 44. 343.]
 [ 44. 344.]
 [ 44. 345.]
 [ 44. 347.]
 [ 44. 349.]
 [ 44. 351.]
 [ 44. 352.]
 [ 44. 353.]
 [ 44. 355.]
 [ 44. 356.]
 [ 44. 358.]
 [ 44. 360.]
 [ 44. 361.]
 [ 44. 362.]
 [ 44. 364.]
 [ 44. 365.]
 [ 44. 366.]
 [ 44. 367.]
 [ 44. 368.]
 [ 44. 369.]
 [ 44. 370.]
 [ 44. 371.]
 [ 44. 372.]
 [ 44. 373.]
 [ 44. 374.]]",Simulated Annealing
24,0.23418068885803223,57.0,35,"[[  40.  402.]
 [  49.  604.]
 [  49.  805.]
 [  49. 1006.]
 [  49. 1207.]
 [  49. 1408.]
 [  49. 1609.]
 [  49. 1810.]
 [  49. 2011.]
 [  49. 2212.]
 [  50. 2414.]
 [  53. 2616.]
 [  53. 2817.]
 [  53. 3018.]
 [  53. 3219.]
 [  53. 3420.]
 [  53. 3621.]
 [  54. 3823.]
 [  56. 4025.]
 [  56. 4226.]
 [  56. 4427.]
 [  56. 4628.]
 [  56. 4829.]
 [  56. 5030.]
 [  56. 5231.]
 [  56. 5432.]
 [  57. 5634.]
 [  57. 5835.]
 [  57. 6036.]
 [  57. 6237.]
 [  57. 6438.]
 [  57. 6639.]
 [  57. 6840.]
 [  57. 7041.]
 [  57. 7242.]
 [  57. 7443.]
 [  57. 7644.]]",Genetic
25,0.0,0.0,35,"[[   0. 7645.]
 [   0. 7646.]
 [   0. 7647.]
 [   0. 7648.]
 [   0. 7649.]
 [   0. 7650.]
 [   0. 7651.]
 [   0. 7652.]
 [   0. 7653.]
 [   0. 7654.]]",Random Hill Climb
26,7.333751440048218,53.0,35,"[[  42.  402.]
 [  44.  604.]
 [  44.  805.]
 [  50. 1007.]
 [  50. 1208.]
 [  50. 1409.]
 [  50. 1610.]
 [  50. 1811.]
 [  51. 2013.]
 [  52. 2215.]
 [  52. 2416.]
 [  52. 2617.]
 [  52. 2818.]
 [  52. 3019.]
 [  52. 3220.]
 [  52. 3421.]
 [  52. 3622.]
 [  52. 3823.]
 [  53. 4025.]
 [  53. 4226.]
 [  53. 4427.]
 [  53. 4628.]
 [  53. 4829.]
 [  53. 5030.]
 [  53. 5231.]
 [  53. 5432.]
 [  53. 5633.]
 [  53. 5834.]
 [  53. 6035.]]",MIMIC
27,0.003977537155151367,56.0,35,"[[  0.   2.]
 [  0.   4.]
 [  0.   6.]
 [  0.   8.]
 [  0.  10.]
 [  0.  12.]
 [  0.  14.]
 [  0.  16.]
 [  0.  18.]
 [  0.  20.]
 [  0.  22.]
 [  0.  24.]
 [  0.  26.]
 [  0.  28.]
 [  0.  30.]
 [  0.  32.]
 [  0.  34.]
 [  0.  36.]
 [  0.  38.]
 [  0.  40.]
 [  0.  42.]
 [  0.  44.]
 [  0.  46.]
 [  0.  48.]
 [  1.  50.]
 [  1.  52.]
 [  1.  54.]
 [  1.  56.]
 [  1.  58.]
 [  1.  60.]
 [  1.  62.]
 [  1.  64.]
 [  1.  66.]
 [  1.  68.]
 [  1.  70.]
 [  2.  72.]
 [  2.  74.]
 [  2.  76.]
 [  2.  78.]
 [  2.  80.]
 [  2.  82.]
 [  2.  84.]
 [  2.  86.]
 [  2.  88.]
 [  2.  90.]
 [  2.  92.]
 [  2.  94.]
 [  2.  96.]
 [  2.  98.]
 [  2. 100.]
 [  2. 102.]
 [  2. 104.]
 [  2. 106.]
 [  2. 108.]
 [  5. 110.]
 [  5. 112.]
 [  5. 114.]
 [  5. 116.]
 [  5. 118.]
 [  5. 119.]
 [  5. 121.]
 [  5. 122.]
 [  5. 124.]
 [  5. 126.]
 [  5. 128.]
 [  5. 130.]
 [  5. 132.]
 [  5. 133.]
 [  5. 135.]
 [  5. 137.]
 [  5. 138.]
 [  5. 140.]
 [  5. 142.]
 [  5. 144.]
 [  5. 145.]
 [  5. 147.]
 [  5. 149.]
 [  5. 151.]
 [  5. 153.]
 [  5. 155.]
 [  5. 157.]
 [  5. 159.]
 [  5. 160.]
 [  5. 162.]
 [  5. 164.]
 [  5. 166.]
 [  5. 167.]
 [  5. 168.]
 [  5. 170.]
 [  5. 172.]
 [  5. 174.]
 [  5. 175.]
 [  5. 177.]
 [  5. 179.]
 [  5. 181.]
 [  5. 182.]
 [  5. 184.]
 [  5. 186.]
 [  5. 188.]
 [  5. 190.]
 [  5. 192.]
 [  5. 193.]
 [  5. 194.]
 [  5. 196.]
 [  5. 198.]
 [  5. 200.]
 [  5. 202.]
 [  5. 204.]
 [  5. 206.]
 [  6. 208.]
 [  6. 210.]
 [  6. 211.]
 [  6. 212.]
 [  6. 213.]
 [  6. 215.]
 [  6. 217.]
 [  6. 218.]
 [  6. 220.]
 [  6. 222.]
 [  6. 223.]
 [  6. 224.]
 [  6. 226.]
 [  6. 227.]
 [  6. 229.]
 [  6. 230.]
 [  6. 232.]
 [  6. 234.]
 [  6. 236.]
 [  6. 238.]
 [  6. 240.]
 [  6. 241.]
 [ 10. 243.]
 [ 10. 244.]
 [ 11. 246.]
 [ 12. 248.]
 [ 12. 250.]
 [ 12. 252.]
 [ 12. 254.]
 [ 12. 256.]
 [ 14. 258.]
 [ 14. 260.]
 [ 14. 262.]
 [ 14. 263.]
 [ 14. 264.]
 [ 14. 265.]
 [ 14. 267.]
 [ 14. 268.]
 [ 14. 270.]
 [ 14. 272.]
 [ 14. 273.]
 [ 14. 275.]
 [ 14. 276.]
 [ 14. 278.]
 [ 14. 279.]
 [ 14. 280.]
 [ 14. 282.]
 [ 14. 284.]
 [ 14. 285.]
 [ 14. 286.]
 [ 14. 288.]
 [ 14. 290.]
 [ 14. 292.]
 [ 14. 294.]
 [ 14. 295.]
 [ 14. 297.]
 [ 14. 298.]
 [ 14. 300.]
 [ 14. 301.]
 [ 17. 303.]
 [ 17. 304.]
 [ 17. 305.]
 [ 17. 307.]
 [ 17. 308.]
 [ 17. 309.]
 [ 17. 311.]
 [ 17. 313.]
 [ 17. 315.]
 [ 17. 316.]
 [ 17. 317.]
 [ 17. 319.]
 [ 17. 320.]
 [ 17. 322.]
 [ 17. 323.]
 [ 17. 324.]
 [ 17. 325.]
 [ 17. 326.]
 [ 17. 327.]
 [ 17. 328.]
 [ 17. 329.]
 [ 17. 331.]
 [ 17. 333.]
 [ 17. 334.]
 [ 17. 336.]
 [ 17. 337.]
 [ 17. 338.]
 [ 18. 340.]
 [ 18. 341.]
 [ 18. 342.]
 [ 18. 344.]
 [ 18. 345.]
 [ 20. 347.]
 [ 20. 348.]
 [ 20. 349.]
 [ 20. 350.]
 [ 20. 352.]
 [ 20. 353.]
 [ 20. 355.]
 [ 20. 356.]
 [ 20. 357.]
 [ 20. 358.]
 [ 20. 359.]
 [ 20. 360.]
 [ 20. 361.]
 [ 20. 363.]
 [ 20. 365.]
 [ 20. 366.]
 [ 20. 367.]
 [ 20. 369.]
 [ 20. 370.]
 [ 20. 372.]
 [ 20. 374.]
 [ 20. 376.]
 [ 20. 377.]
 [ 20. 379.]
 [ 20. 380.]
 [ 20. 381.]
 [ 20. 383.]
 [ 20. 384.]
 [ 20. 385.]
 [ 20. 386.]
 [ 20. 388.]
 [ 20. 389.]
 [ 20. 390.]
 [ 20. 392.]
 [ 20. 393.]
 [ 20. 394.]
 [ 20. 396.]
 [ 20. 397.]
 [ 20. 398.]
 [ 20. 399.]
 [ 20. 400.]
 [ 20. 401.]
 [ 20. 403.]
 [ 20. 405.]
 [ 20. 407.]
 [ 20. 409.]
 [ 20. 410.]
 [ 20. 412.]
 [ 20. 414.]
 [ 20. 415.]
 [ 20. 416.]
 [ 20. 417.]
 [ 20. 418.]
 [ 20. 419.]
 [ 20. 420.]
 [ 20. 421.]
 [ 20. 422.]
 [ 20. 424.]
 [ 55. 426.]
 [ 55. 428.]
 [ 55. 429.]
 [ 55. 430.]
 [ 55. 431.]
 [ 55. 433.]
 [ 55. 434.]
 [ 55. 435.]
 [ 55. 436.]
 [ 55. 437.]
 [ 55. 438.]
 [ 55. 440.]
 [ 55. 441.]
 [ 55. 442.]
 [ 55. 444.]
 [ 55. 445.]
 [ 55. 447.]
 [ 55. 449.]
 [ 55. 450.]
 [ 55. 451.]
 [ 55. 452.]
 [ 55. 453.]
 [ 55. 454.]
 [ 55. 456.]
 [ 55. 457.]
 [ 55. 458.]
 [ 55. 459.]
 [ 55. 460.]
 [ 55. 462.]
 [ 55. 463.]
 [ 55. 464.]
 [ 56. 466.]
 [ 56. 467.]
 [ 56. 468.]
 [ 56. 469.]
 [ 56. 470.]
 [ 56. 471.]
 [ 56. 472.]
 [ 56. 473.]
 [ 56. 474.]
 [ 56. 475.]
 [ 56. 476.]]",Simulated Annealing
28,0.1282644271850586,63.0,40,"[[  50.  402.]
 [  53.  604.]
 [  59.  806.]
 [  59. 1007.]
 [  59. 1208.]
 [  59. 1409.]
 [  59. 1610.]
 [  59. 1811.]
 [  59. 2012.]
 [  59. 2213.]
 [  60. 2415.]
 [  63. 2617.]
 [  63. 2818.]
 [  63. 3019.]
 [  63. 3220.]
 [  63. 3421.]
 [  63. 3622.]
 [  63. 3823.]
 [  63. 4024.]
 [  63. 4225.]
 [  63. 4426.]
 [  63. 4627.]]",Genetic
29,0.0,5.0,40,"[[3.000e+00 4.628e+03]
 [3.000e+00 4.629e+03]
 [3.000e+00 4.630e+03]
 [3.000e+00 4.631e+03]
 [5.000e+00 4.633e+03]
 [5.000e+00 4.634e+03]
 [5.000e+00 4.635e+03]
 [5.000e+00 4.636e+03]
 [5.000e+00 4.637e+03]
 [5.000e+00 4.638e+03]
 [5.000e+00 4.639e+03]
 [5.000e+00 4.640e+03]
 [5.000e+00 4.641e+03]
 [5.000e+00 4.642e+03]
 [5.000e+00 4.643e+03]]",Random Hill Climb
30,7.0659167766571045,67.0,40,"[[  49.  402.]
 [  49.  603.]
 [  54.  805.]
 [  55. 1007.]
 [  58. 1209.]
 [  59. 1411.]
 [  64. 1613.]
 [  64. 1814.]
 [  64. 2015.]
 [  64. 2216.]
 [  64. 2417.]
 [  67. 2619.]
 [  67. 2820.]
 [  67. 3021.]
 [  67. 3222.]
 [  67. 3423.]
 [  67. 3624.]
 [  67. 3825.]
 [  67. 4026.]
 [  67. 4227.]
 [  67. 4428.]
 [  67. 4629.]]",MIMIC
31,0.005906105041503906,64.0,40,"[[  3.   2.]
 [  3.   4.]
 [  3.   6.]
 [  3.   8.]
 [  1.  10.]
 [  1.  12.]
 [  1.  14.]
 [  1.  16.]
 [  1.  18.]
 [  1.  20.]
 [  1.  22.]
 [  1.  23.]
 [  1.  25.]
 [  1.  27.]
 [  1.  29.]
 [  1.  31.]
 [  1.  33.]
 [  1.  35.]
 [  1.  37.]
 [  1.  38.]
 [  1.  40.]
 [  1.  42.]
 [  1.  44.]
 [  1.  46.]
 [  1.  48.]
 [  1.  50.]
 [  1.  52.]
 [  1.  54.]
 [  1.  56.]
 [  3.  58.]
 [  3.  60.]
 [  3.  62.]
 [  3.  64.]
 [  3.  66.]
 [  4.  68.]
 [  4.  70.]
 [  4.  72.]
 [  4.  74.]
 [  4.  76.]
 [  4.  78.]
 [  4.  80.]
 [  4.  82.]
 [  4.  84.]
 [  4.  86.]
 [  4.  88.]
 [  4.  90.]
 [  4.  91.]
 [  4.  93.]
 [  7.  95.]
 [  7.  97.]
 [  7.  99.]
 [  7. 101.]
 [  7. 103.]
 [  7. 105.]
 [  7. 107.]
 [ 10. 109.]
 [ 10. 111.]
 [ 10. 113.]
 [ 10. 114.]
 [ 10. 116.]
 [ 10. 117.]
 [ 10. 119.]
 [ 10. 120.]
 [ 10. 122.]
 [ 50. 124.]
 [ 50. 125.]
 [ 50. 127.]
 [ 50. 128.]
 [ 50. 130.]
 [ 50. 131.]
 [ 50. 132.]
 [ 50. 134.]
 [ 50. 135.]
 [ 50. 137.]
 [ 50. 139.]
 [ 50. 141.]
 [ 50. 142.]
 [ 50. 144.]
 [ 50. 146.]
 [ 50. 148.]
 [ 50. 149.]
 [ 50. 150.]
 [ 50. 151.]
 [ 50. 153.]
 [ 50. 154.]
 [ 50. 155.]
 [ 50. 156.]
 [ 50. 158.]
 [ 50. 159.]
 [ 50. 160.]
 [ 50. 162.]
 [ 50. 163.]
 [ 50. 165.]
 [ 50. 166.]
 [ 50. 168.]
 [ 50. 170.]
 [ 50. 171.]
 [ 50. 172.]
 [ 50. 174.]
 [ 50. 175.]
 [ 50. 177.]
 [ 50. 179.]
 [ 50. 181.]
 [ 50. 183.]
 [ 50. 184.]
 [ 50. 185.]
 [ 50. 186.]
 [ 50. 188.]
 [ 50. 190.]
 [ 50. 192.]
 [ 50. 194.]
 [ 50. 196.]
 [ 51. 198.]
 [ 51. 199.]
 [ 51. 201.]
 [ 51. 202.]
 [ 51. 203.]
 [ 51. 204.]
 [ 51. 206.]
 [ 51. 208.]
 [ 51. 209.]
 [ 51. 211.]
 [ 51. 212.]
 [ 51. 213.]
 [ 51. 214.]
 [ 51. 216.]
 [ 51. 217.]
 [ 51. 219.]
 [ 51. 220.]
 [ 51. 221.]
 [ 51. 223.]
 [ 51. 225.]
 [ 51. 227.]
 [ 51. 229.]
 [ 51. 230.]
 [ 51. 231.]
 [ 51. 233.]
 [ 51. 235.]
 [ 51. 237.]
 [ 51. 239.]
 [ 51. 241.]
 [ 51. 243.]
 [ 51. 244.]
 [ 51. 246.]
 [ 51. 248.]
 [ 51. 250.]
 [ 51. 252.]
 [ 51. 254.]
 [ 51. 255.]
 [ 51. 256.]
 [ 51. 258.]
 [ 51. 259.]
 [ 51. 260.]
 [ 51. 262.]
 [ 51. 263.]
 [ 51. 265.]
 [ 51. 267.]
 [ 51. 269.]
 [ 51. 271.]
 [ 51. 272.]
 [ 51. 273.]
 [ 51. 275.]
 [ 51. 276.]
 [ 51. 277.]
 [ 51. 278.]
 [ 51. 279.]
 [ 51. 281.]
 [ 51. 283.]
 [ 51. 285.]
 [ 51. 286.]
 [ 51. 287.]
 [ 51. 289.]
 [ 51. 291.]
 [ 51. 292.]
 [ 51. 293.]
 [ 51. 295.]
 [ 51. 296.]
 [ 51. 297.]
 [ 51. 299.]
 [ 51. 300.]
 [ 51. 301.]
 [ 51. 303.]
 [ 51. 305.]
 [ 51. 307.]
 [ 51. 309.]
 [ 51. 310.]
 [ 51. 311.]
 [ 51. 312.]
 [ 51. 314.]
 [ 52. 316.]
 [ 52. 318.]
 [ 52. 319.]
 [ 52. 320.]
 [ 52. 322.]
 [ 52. 324.]
 [ 52. 325.]
 [ 52. 327.]
 [ 52. 329.]
 [ 52. 330.]
 [ 52. 331.]
 [ 52. 333.]
 [ 52. 334.]
 [ 52. 335.]
 [ 52. 336.]
 [ 52. 338.]
 [ 52. 339.]
 [ 52. 341.]
 [ 52. 342.]
 [ 52. 344.]
 [ 52. 346.]
 [ 52. 348.]
 [ 52. 350.]
 [ 52. 352.]
 [ 52. 354.]
 [ 52. 356.]
 [ 52. 357.]
 [ 52. 359.]
 [ 52. 361.]
 [ 52. 362.]
 [ 52. 364.]
 [ 52. 366.]
 [ 52. 367.]
 [ 52. 368.]
 [ 52. 369.]
 [ 52. 370.]
 [ 52. 372.]
 [ 52. 374.]
 [ 52. 376.]
 [ 52. 378.]
 [ 52. 379.]
 [ 52. 381.]
 [ 52. 382.]
 [ 52. 383.]
 [ 52. 384.]
 [ 52. 386.]
 [ 52. 388.]
 [ 52. 389.]
 [ 52. 390.]
 [ 52. 391.]
 [ 52. 393.]
 [ 52. 394.]
 [ 53. 396.]
 [ 53. 398.]
 [ 53. 399.]
 [ 53. 401.]
 [ 53. 403.]
 [ 53. 404.]
 [ 53. 405.]
 [ 53. 407.]
 [ 53. 409.]
 [ 53. 410.]
 [ 53. 412.]
 [ 53. 414.]
 [ 53. 416.]
 [ 53. 417.]
 [ 53. 418.]
 [ 53. 420.]
 [ 53. 421.]
 [ 53. 422.]
 [ 53. 423.]
 [ 53. 424.]
 [ 53. 426.]
 [ 53. 427.]
 [ 53. 428.]
 [ 53. 430.]
 [ 53. 432.]
 [ 53. 433.]
 [ 53. 434.]
 [ 53. 436.]
 [ 53. 437.]
 [ 53. 438.]
 [ 53. 439.]
 [ 53. 440.]
 [ 53. 441.]
 [ 53. 443.]
 [ 53. 445.]
 [ 53. 447.]
 [ 56. 449.]
 [ 56. 451.]
 [ 56. 452.]
 [ 56. 454.]
 [ 56. 456.]
 [ 56. 457.]
 [ 56. 458.]
 [ 56. 460.]
 [ 56. 461.]
 [ 56. 463.]
 [ 56. 465.]
 [ 56. 466.]
 [ 56. 468.]
 [ 56. 469.]
 [ 56. 470.]
 [ 56. 471.]
 [ 56. 472.]
 [ 56. 473.]
 [ 56. 475.]
 [ 56. 476.]
 [ 56. 478.]
 [ 56. 480.]
 [ 56. 482.]
 [ 56. 484.]
 [ 56. 485.]
 [ 56. 486.]
 [ 56. 487.]
 [ 56. 489.]
 [ 56. 490.]
 [ 56. 491.]
 [ 56. 493.]
 [ 56. 495.]
 [ 56. 496.]
 [ 56. 498.]
 [ 56. 500.]
 [ 56. 501.]
 [ 56. 502.]
 [ 56. 504.]
 [ 56. 506.]
 [ 56. 507.]
 [ 56. 509.]
 [ 56. 510.]
 [ 56. 511.]
 [ 56. 512.]
 [ 56. 513.]
 [ 56. 515.]
 [ 56. 517.]
 [ 56. 519.]
 [ 56. 520.]
 [ 56. 522.]
 [ 56. 523.]
 [ 56. 524.]
 [ 56. 526.]
 [ 56. 528.]
 [ 56. 529.]
 [ 56. 531.]
 [ 56. 532.]
 [ 56. 533.]
 [ 56. 535.]
 [ 56. 537.]
 [ 56. 538.]
 [ 58. 540.]
 [ 58. 541.]
 [ 58. 543.]
 [ 58. 545.]
 [ 58. 546.]
 [ 58. 548.]
 [ 58. 549.]
 [ 58. 550.]
 [ 58. 551.]
 [ 58. 553.]
 [ 58. 554.]
 [ 58. 555.]
 [ 58. 557.]
 [ 58. 559.]
 [ 58. 561.]
 [ 61. 563.]
 [ 61. 564.]
 [ 61. 565.]
 [ 64. 567.]
 [ 64. 568.]
 [ 64. 569.]
 [ 64. 571.]
 [ 64. 572.]
 [ 64. 573.]
 [ 64. 574.]
 [ 64. 575.]
 [ 64. 577.]
 [ 64. 578.]
 [ 64. 579.]
 [ 64. 581.]
 [ 64. 582.]
 [ 64. 584.]
 [ 64. 585.]
 [ 64. 586.]
 [ 64. 588.]
 [ 64. 589.]
 [ 64. 590.]
 [ 64. 591.]
 [ 64. 593.]
 [ 64. 594.]
 [ 64. 595.]
 [ 64. 597.]
 [ 64. 599.]
 [ 64. 600.]
 [ 64. 602.]
 [ 64. 604.]
 [ 64. 606.]
 [ 64. 607.]
 [ 64. 608.]
 [ 64. 610.]
 [ 64. 611.]
 [ 64. 612.]
 [ 64. 613.]
 [ 64. 615.]
 [ 64. 617.]
 [ 64. 619.]
 [ 64. 620.]
 [ 64. 621.]
 [ 64. 622.]
 [ 64. 623.]
 [ 64. 624.]
 [ 64. 625.]
 [ 64. 627.]
 [ 64. 628.]
 [ 64. 629.]
 [ 64. 631.]
 [ 64. 633.]
 [ 64. 634.]
 [ 64. 636.]
 [ 64. 637.]
 [ 64. 638.]
 [ 64. 639.]
 [ 64. 640.]
 [ 64. 642.]
 [ 64. 644.]
 [ 64. 646.]
 [ 64. 647.]
 [ 64. 648.]
 [ 64. 649.]
 [ 64. 650.]
 [ 64. 651.]
 [ 64. 652.]
 [ 64. 654.]
 [ 64. 656.]
 [ 64. 657.]
 [ 64. 658.]
 [ 64. 660.]
 [ 64. 661.]
 [ 64. 662.]
 [ 64. 663.]
 [ 64. 664.]
 [ 64. 665.]
 [ 64. 667.]
 [ 64. 668.]
 [ 64. 670.]
 [ 64. 671.]
 [ 64. 673.]
 [ 64. 674.]
 [ 64. 675.]
 [ 64. 676.]
 [ 64. 678.]
 [ 64. 679.]
 [ 64. 680.]
 [ 64. 681.]
 [ 64. 683.]
 [ 64. 684.]
 [ 64. 685.]
 [ 64. 686.]
 [ 64. 687.]
 [ 64. 688.]
 [ 64. 689.]
 [ 64. 690.]
 [ 64. 692.]
 [ 64. 694.]
 [ 64. 695.]
 [ 64. 696.]
 [ 64. 697.]
 [ 64. 698.]
 [ 64. 699.]
 [ 64. 700.]
 [ 64. 702.]
 [ 64. 703.]
 [ 64. 704.]
 [ 64. 705.]
 [ 64. 706.]
 [ 64. 707.]
 [ 64. 708.]
 [ 64. 709.]
 [ 64. 710.]
 [ 64. 711.]
 [ 64. 712.]]",Simulated Annealing
32,0.4065728187561035,84.0,45,"[[   52.   402.]
 [   53.   604.]
 [   55.   806.]
 [   58.  1008.]
 [   58.  1209.]
 [   58.  1410.]
 [   58.  1611.]
 [   59.  1813.]
 [   59.  2014.]
 [   59.  2215.]
 [   59.  2416.]
 [   59.  2617.]
 [   60.  2819.]
 [   60.  3020.]
 [   61.  3222.]
 [   61.  3423.]
 [   62.  3625.]
 [   62.  3826.]
 [   62.  4027.]
 [   62.  4228.]
 [   62.  4429.]
 [   65.  4631.]
 [   65.  4832.]
 [   65.  5033.]
 [   65.  5234.]
 [   65.  5435.]
 [   65.  5636.]
 [   65.  5837.]
 [   66.  6039.]
 [   66.  6240.]
 [   66.  6441.]
 [   66.  6642.]
 [   66.  6843.]
 [   66.  7044.]
 [   66.  7245.]
 [   66.  7446.]
 [   77.  7648.]
 [   77.  7849.]
 [   77.  8050.]
 [   77.  8251.]
 [   81.  8453.]
 [   81.  8654.]
 [   81.  8855.]
 [   81.  9056.]
 [   81.  9257.]
 [   83.  9459.]
 [   83.  9660.]
 [   83.  9861.]
 [   83. 10062.]
 [   84. 10264.]
 [   84. 10465.]
 [   84. 10666.]
 [   84. 10867.]
 [   84. 11068.]
 [   84. 11269.]
 [   84. 11470.]
 [   84. 11671.]
 [   84. 11872.]
 [   84. 12073.]
 [   84. 12274.]]",Genetic
33,0.0,0.0,45,"[[    0. 12275.]
 [    0. 12276.]
 [    0. 12277.]
 [    0. 12278.]
 [    0. 12279.]
 [    0. 12280.]
 [    0. 12281.]
 [    0. 12282.]
 [    0. 12283.]
 [    0. 12284.]]",Random Hill Climb
34,7.773030519485474,67.0,45,"[[  54.  402.]
 [  60.  604.]
 [  60.  805.]
 [  60. 1006.]
 [  60. 1207.]
 [  63. 1409.]
 [  63. 1610.]
 [  63. 1811.]
 [  67. 2013.]
 [  67. 2214.]
 [  67. 2415.]
 [  67. 2616.]
 [  67. 2817.]
 [  67. 3018.]
 [  67. 3219.]
 [  67. 3420.]
 [  67. 3621.]
 [  67. 3822.]
 [  67. 4023.]]",MIMIC
35,0.007073640823364258,70.0,45,"[[   0.    2.]
 [   0.    4.]
 [   0.    6.]
 ...
 [  70. 1016.]
 [  70. 1017.]
 [  70. 1018.]]",Simulated Annealing
